,Temporada,Jornada,Partit,L,V,L-P,L-G,L-XP,L-XF,L-XT,L-PP,L-C,L-FJ,L-TG,L-TV,L-AS,L-XPA,L-L,L-S,L-F,L-PC,V-P,V-G,V-XP,V-XF,V-XT,V-PP,V-C,V-FJ,V-TG,V-TV,V-AS,V-XPA,V-L,V-S,V-F,V-PC
0,2018/2019,1,Girona-Fc/Valladolid,Girona-Fc,Valladolid,68%,0,1,12,13,1,3,1,1,0,0,0,0,3,21,0,32%,0,1,1,2,1,2,1,1,0,0,0,0,3,20,0
1,2018/2019,1,Betis/Levante,Betis,Levante,77%,0,8,13,21,1,5,2,0,0,0,0,0,3,10,0,23%,3,4,2,6,8,3,4,2,0,2,0,0,3,10,0
2,2018/2019,1,Celta/Espanyol,Celta,Espanyol,48%,1,2,7,9,4,7,3,3,0,0,0,0,3,11,0,52%,1,5,8,13,1,7,1,1,0,0,0,0,3,12,0
3,2018/2019,1,Villarreal/Real-Sociedad,Villarreal,Real-Sociedad,51%,1,6,7,13,2,4,0,3,0,1,0,0,3,16,0,49%,2,4,4,8,5,6,3,2,0,0,0,0,3,10,0
4,2018/2019,1,Barcelona/Alaves,Barcelona,Alaves,78%,3,9,16,25,0,7,3,0,0,2,2,0,3,6,0,22%,0,0,3,3,6,1,0,2,0,0,0,1,3,13,0
5,2018/2019,1,Eibar/Huesca,Eibar,Huesca,68%,1,6,12,18,4,7,0,1,0,1,0,0,3,12,0,32%,2,6,2,8,5,0,2,0,0,1,0,0,3,12,0
6,2018/2019,1,Rayo-Vallecano/Sevilla,Rayo-Vallecano,Sevilla,48%,1,2,9,11,4,2,3,1,0,0,1,0,2,6,0,52%,4,8,9,17,1,6,5,0,0,4,0,0,3,14,0
7,2018/2019,1,Real-Madrid/Getafe,Real-Madrid,Getafe,78%,2,3,7,10,0,3,6,1,0,1,2,0,3,10,0,22%,0,0,3,3,1,0,0,7,0,0,0,0,3,26,0
8,2018/2019,1,Valencia-Cf/Atletico-Madrid,Valencia-Cf,Atletico-Madrid,50%,1,3,9,12,2,4,0,2,0,1,1,1,3,10,0,50%,1,3,5,8,2,9,6,3,0,1,0,0,3,15,0
9,2018/2019,1,Athletic-Bilbao/Leganes,Athletic-Bilbao,Leganes,66%,2,5,12,17,1,6,0,4,0,2,0,1,3,12,0,34%,1,2,10,12,3,2,1,5,0,0,0,1,3,12,0
10,2018/2019,2,Getafe/Eibar,Getafe,Eibar,36%,2,4,3,7,0,5,2,2,0,1,0,0,3,14,0,64%,0,0,9,9,2,5,5,0,0,0,0,0,3,11,0
11,2018/2019,2,Leganes/Real-Sociedad,Leganes,Real-Sociedad,66%,2,6,12,18,3,5,2,0,0,2,1,0,3,11,0,34%,2,5,1,6,4,0,3,2,0,1,0,1,3,9,0
12,2018/2019,2,Alaves/Betis,Alaves,Betis,32%,0,4,12,16,5,5,1,3,0,0,0,0,3,17,0,68%,0,5,8,13,4,6,5,1,0,0,0,0,3,14,0
13,2018/2019,2,Atletico-Madrid/Rayo-Vallecano,Atletico-Madrid,Rayo-Vallecano,46%,1,2,7,9,2,8,4,1,0,1,0,1,3,6,0,54%,0,2,9,11,1,5,1,1,0,0,0,0,3,8,0
14,2018/2019,2,Valladolid/Barcelona,Valladolid,Barcelona,34%,0,4,2,6,3,6,1,1,0,0,0,0,3,13,0,66%,1,4,6,10,4,9,1,1,0,1,0,0,3,12,0
15,2018/2019,2,Espanyol/Valencia-Cf,Espanyol,Valencia-Cf,48%,2,9,10,19,4,6,2,1,0,1,1,0,3,14,0,52%,0,4,11,15,7,9,1,1,0,0,0,0,3,10,0
16,2018/2019,2,Girona-Fc/Real-Madrid,Girona-Fc,Real-Madrid,33%,1,4,4,8,4,4,2,2,0,0,0,0,3,13,0,67%,4,8,11,19,3,5,1,3,0,2,0,0,3,10,0
17,2018/2019,2,Sevilla/Villarreal,Sevilla,Villarreal,52%,0,2,17,19,6,4,0,3,0,0,1,1,3,13,0,48%,0,6,8,14,2,5,1,2,0,0,0,0,3,14,0
18,2018/2019,2,Levante/Celta,Levante,Celta,54%,1,6,8,14,7,7,1,2,0,0,0,0,3,13,0,46%,2,9,11,20,5,7,4,3,0,2,1,0,3,8,0
19,2018/2019,2,Athletic-Bilbao/Huesca,Athletic-Bilbao,Huesca,59%,2,4,10,14,3,3,2,2,0,2,2,0,3,14,0,41%,2,5,5,10,2,2,1,2,0,2,0,0,3,16,0
20,2018/2019,3,Getafe/Valladolid,Getafe,Valladolid,52%,0,3,9,12,4,6,1,3,0,0,1,0,3,22,0,48%,0,4,3,7,3,7,1,1,0,0,0,0,3,14,0
21,2018/2019,3,Eibar/Real-Sociedad,Eibar,Real-Sociedad,57%,2,2,6,8,1,4,3,3,0,2,0,2,3,17,0,43%,1,2,5,7,0,2,3,2,0,0,0,2,3,15,0
22,2018/2019,3,Villarreal/Girona-Fc,Villarreal,Girona-Fc,65%,0,4,10,14,5,7,1,3,0,0,0,1,3,15,0,35%,1,6,8,14,4,2,1,2,0,1,0,1,3,11,0
23,2018/2019,3,Celta/Atletico-Madrid,Celta,Atletico-Madrid,49%,2,3,5,8,0,2,3,3,0,1,0,0,3,12,0,51%,0,0,9,9,1,8,1,5,1,0,0,0,3,13,0
24,2018/2019,3,Real-Madrid/Leganes,Real-Madrid,Leganes,77%,4,7,9,16,2,8,1,1,0,3,0,0,3,10,0,23%,1,3,4,7,3,1,1,1,0,0,0,0,3,11,0
25,2018/2019,3,Levante/Valencia-Cf,Levante,Valencia-Cf,45%,2,4,9,13,3,3,4,4,1,1,1,1,3,14,0,55%,2,5,13,18,2,5,4,2,0,1,2,0,3,10,0
26,2018/2019,3,Alaves/Espanyol,Alaves,Espanyol,36%,2,5,3,8,6,0,2,4,0,1,0,0,3,19,0,64%,1,7,4,11,3,10,1,3,0,0,0,0,3,12,0
27,2018/2019,3,Barcelona/Huesca,Barcelona,Huesca,68%,8,14,14,28,1,9,2,1,0,6,2,0,3,6,0,32%,2,3,4,7,7,4,1,2,0,2,0,0,3,11,0
28,2018/2019,3,Betis/Sevilla,Betis,Sevilla,62%,1,3,8,11,2,5,4,3,0,1,0,1,3,15,0,38%,0,2,6,8,2,8,4,6,1,0,1,1,3,17,0
29,2018/2019,3,Rayo-Vallecano/Athletic-Bilbao,Rayo-Vallecano,Athletic-Bilbao,33%,1,3,8,11,3,5,0,1,0,0,0,0,3,12,0,67%,1,4,8,12,2,4,4,1,0,0,1,0,3,9,0
30,2018/2019,4,Huesca/Rayo-Vallecano,Huesca,Rayo-Vallecano,54%,0,4,10,14,1,6,1,1,0,0,0,0,3,14,0,46%,1,2,12,14,4,3,0,1,0,1,1,0,3,17,0
31,2018/2019,4,Atletico-Madrid/Eibar,Atletico-Madrid,Eibar,57%,1,9,9,18,2,14,3,2,0,1,1,0,2,5,0,43%,1,3,9,12,8,3,1,2,0,0,2,1,3,21,0
32,2018/2019,4,Real-Sociedad/Barcelona,Real-Sociedad,Barcelona,30%,1,5,2,7,4,1,2,1,0,0,0,0,3,17,0,70%,2,6,5,11,4,6,0,1,0,1,0,0,3,8,0
33,2018/2019,4,Valencia-Cf/Betis,Valencia-Cf,Betis,39%,0,2,9,11,6,5,0,5,0,0,1,1,3,21,0,61%,0,6,6,12,2,4,1,3,0,0,0,0,3,8,0
34,2018/2019,4,Athletic-Bilbao/Real-Madrid,Athletic-Bilbao,Real-Madrid,39%,1,3,8,11,5,0,2,6,0,0,0,1,3,18,0,61%,1,6,10,16,2,2,5,2,0,1,0,0,3,6,0
35,2018/2019,4,Leganes/Villarreal,Leganes,Villarreal,46%,0,3,12,15,2,6,3,3,0,0,0,0,3,16,0,54%,1,3,6,9,3,1,2,2,0,1,1,0,3,7,0
36,2018/2019,4,Espanyol/Levante,Espanyol,Levante,56%,1,8,13,21,4,5,0,1,0,1,0,0,3,16,0,44%,0,4,12,16,7,4,0,1,0,0,0,1,3,12,0
37,2018/2019,4,Valladolid/Alaves,Valladolid,Alaves,59%,0,5,9,14,3,6,1,3,0,0,0,0,3,9,0,41%,1,3,6,9,5,2,0,2,0,1,0,0,3,12,0
38,2018/2019,4,Sevilla/Getafe,Sevilla,Getafe,69%,0,1,13,14,3,7,6,3,0,0,0,0,3,10,0,31%,2,5,5,10,1,1,1,6,0,1,0,1,3,22,0
39,2018/2019,4,Girona-Fc/Celta,Girona-Fc,Celta,33%,3,6,5,11,4,3,0,1,0,3,0,1,3,15,0,67%,2,6,13,19,3,1,2,3,1,1,0,0,3,11,0
40,2018/2019,5,Huesca/Real-Sociedad,Huesca,Real-Sociedad,47%,0,2,9,11,0,7,0,5,0,0,0,0,3,15,0,53%,1,1,6,7,2,5,2,3,2,1,0,0,3,12,0
41,2018/2019,5,Rayo-Vallecano/Alaves,Rayo-Vallecano,Alaves,51%,1,4,9,13,2,8,3,1,1,0,1,1,3,14,0,49%,5,7,4,11,3,4,3,2,0,3,0,0,3,12,0
42,2018/2019,5,Celta/Valladolid,Celta,Valladolid,48%,3,5,7,12,1,7,1,2,0,2,0,0,3,9,0,52%,3,3,10,13,2,8,1,2,0,3,2,0,3,11,0
43,2018/2019,5,Eibar/Leganes,Eibar,Leganes,57%,1,3,11,14,2,5,2,1,0,0,2,2,3,15,0,43%,0,2,2,4,2,2,7,1,0,0,0,0,3,17,0
44,2018/2019,5,Getafe/Atletico-Madrid,Getafe,Atletico-Madrid,43%,0,2,9,11,1,1,0,1,1,0,0,0,3,11,0,57%,2,3,3,6,2,5,4,2,0,0,1,0,3,15,0
45,2018/2019,5,Real-Madrid/Espanyol,Real-Madrid,Espanyol,64%,1,5,14,19,3,8,4,2,0,0,0,0,3,5,0,36%,0,3,7,10,4,3,2,2,0,0,1,0,3,15,0
46,2018/2019,5,Levante/Sevilla,Levante,Sevilla,49%,2,10,9,19,3,8,2,1,0,1,0,0,3,5,0,51%,6,9,11,20,8,4,1,1,0,4,0,0,3,18,0
47,2018/2019,5,Villarreal/Valencia-Cf,Villarreal,Valencia-Cf,55%,0,1,7,8,2,7,1,4,0,0,0,0,3,12,0,45%,0,2,10,12,1,6,2,1,1,0,0,1,3,12,0
48,2018/2019,5,Betis/Athletic-Bilbao,Betis,Athletic-Bilbao,70%,2,3,11,14,2,6,1,2,0,2,0,0,3,13,0,30%,2,4,3,7,1,1,5,7,1,2,0,0,3,18,0
49,2018/2019,5,Barcelona/Girona-Fc,Barcelona,Girona-Fc,66%,2,11,11,22,4,8,1,3,1,1,1,0,3,9,0,34%,2,6,1,7,9,2,1,5,0,1,0,0,3,15,0
50,2018/2019,6,Espanyol/Eibar,Espanyol,Eibar,46%,1,5,4,9,1,4,1,2,0,1,0,0,3,7,0,54%,0,1,6,7,4,3,1,2,0,0,0,1,3,8,0
51,2018/2019,6,Real-Sociedad/Rayo-Vallecano,Real-Sociedad,Rayo-Vallecano,55%,2,6,9,15,4,8,6,4,0,2,1,0,3,12,0,45%,2,6,5,11,4,5,0,3,0,0,0,1,3,16,0
52,2018/2019,6,Atletico-Madrid/Huesca,Atletico-Madrid,Huesca,58%,3,5,11,16,1,4,1,0,0,3,0,1,3,1,0,42%,0,1,6,7,2,2,2,2,0,0,0,1,3,14,0
53,2018/2019,6,Athletic-Bilbao/Villarreal,Athletic-Bilbao,Villarreal,65%,0,2,9,11,3,6,3,1,0,0,0,0,3,3,0,35%,3,6,12,18,2,4,0,1,0,2,0,0,3,14,0
54,2018/2019,6,Leganes/Barcelona,Leganes,Barcelona,23%,2,6,4,10,4,4,1,4,0,1,0,1,3,15,0,77%,1,5,4,9,4,5,5,2,0,1,1,0,3,11,0
55,2018/2019,6,Valencia-Cf/Celta,Valencia-Cf,Celta,36%,1,4,9,13,2,0,1,1,0,1,0,0,3,18,0,64%,1,3,6,9,3,2,2,3,0,1,0,0,3,7,0
56,2018/2019,6,Sevilla/Real-Madrid,Sevilla,Real-Madrid,39%,3,7,9,16,3,5,3,3,0,2,1,1,3,15,0,61%,0,3,16,19,4,6,5,4,0,0,1,1,3,12,0
57,2018/2019,6,Alaves/Getafe,Alaves,Getafe,48%,1,2,13,15,4,5,3,4,0,1,1,0,3,8,0,52%,1,5,8,13,1,7,4,2,0,1,0,0,3,21,0
58,2018/2019,6,Valladolid/Levante,Valladolid,Levante,65%,2,6,14,20,3,8,2,1,0,2,0,2,3,16,0,35%,1,4,5,9,4,6,1,3,1,0,0,0,3,10,0
59,2018/2019,6,Girona-Fc/Betis,Girona-Fc,Betis,34%,0,1,5,6,5,5,3,1,0,0,1,0,3,17,0,66%,1,6,8,14,1,1,1,3,0,1,1,0,3,13,0
60,2018/2019,7,Rayo-Vallecano/Espanyol,Rayo-Vallecano,Espanyol,53%,2,5,6,11,3,5,1,3,0,1,0,0,3,11,0,47%,2,5,6,11,3,3,0,3,0,0,0,0,3,16,0
61,2018/2019,7,Real-Sociedad/Valencia-Cf,Real-Sociedad,Valencia-Cf,54%,0,5,5,10,1,3,3,3,0,0,0,1,3,13,0,46%,1,2,7,9,5,0,1,5,0,1,0,0,3,17,0
62,2018/2019,7,Barcelona/Athletic-Bilbao,Barcelona,Athletic-Bilbao,69%,1,8,11,19,1,4,2,2,0,1,2,1,3,9,0,31%,1,2,6,8,7,3,3,3,0,1,0,1,3,17,0
63,2018/2019,7,Eibar/Sevilla,Eibar,Sevilla,60%,1,0,8,8,2,6,1,2,0,1,0,0,3,11,0,40%,3,5,0,5,0,3,1,2,0,2,0,0,3,5,0
64,2018/2019,7,Real-Madrid/Atletico-Madrid,Real-Madrid,Atletico-Madrid,53%,2,5,7,12,1,7,1,4,0,1,0,1,3,22,0,47%,4,5,2,7,3,4,2,2,0,4,0,0,3,15,0
65,2018/2019,7,Huesca/Girona-Fc,Huesca,Girona-Fc,55%,1,4,8,12,1,5,3,4,0,0,0,1,3,13,0,45%,1,2,10,12,3,5,0,2,0,0,0,0,3,13,0
66,2018/2019,7,Villarreal/Valladolid,Villarreal,Valladolid,62%,0,7,19,26,2,7,0,3,0,0,1,0,3,17,0,38%,1,3,6,9,7,2,2,3,0,0,0,0,3,12,0
67,2018/2019,7,Levante/Alaves,Levante,Alaves,49%,2,4,9,13,1,9,3,4,0,1,0,1,3,20,0,51%,1,2,10,12,2,3,0,1,0,1,1,1,3,19,0
68,2018/2019,7,Betis/Leganes,Betis,Leganes,85%,1,4,12,16,5,7,4,0,0,1,0,0,3,7,0,15%,0,5,6,11,3,1,1,3,0,0,0,0,3,9,0
69,2018/2019,7,Celta/Getafe,Celta,Getafe,53%,1,2,6,8,3,3,3,2,0,1,0,0,3,13,0,47%,1,4,8,12,1,9,1,2,0,1,1,0,3,15,0
70,2018/2019,8,Athletic-Bilbao/Real-Sociedad,Athletic-Bilbao,Real-Sociedad,68%,1,5,8,13,0,11,2,6,0,0,0,1,3,14,0,32%,3,3,3,6,4,0,0,5,0,1,0,0,3,18,0
71,2018/2019,8,Girona-Fc/Eibar,Girona-Fc,Eibar,52%,2,3,7,10,1,4,4,3,0,2,0,0,3,9,0,48%,3,4,8,12,1,9,0,6,0,2,0,0,3,17,0
72,2018/2019,8,Getafe/Levante,Getafe,Levante,55%,0,4,11,15,2,10,2,2,0,0,0,0,3,15,0,45%,1,3,9,12,4,2,2,5,0,0,1,1,3,15,0
73,2018/2019,8,Alaves/Real-Madrid,Alaves,Real-Madrid,30%,1,2,4,6,6,2,0,1,0,0,0,1,3,20,0,70%,0,6,6,12,2,3,2,0,0,0,0,1,3,9,0
74,2018/2019,8,Leganes/Rayo-Vallecano,Leganes,Rayo-Vallecano,35%,1,4,9,13,2,6,4,1,0,1,0,2,3,12,0,65%,0,2,4,6,3,4,2,4,1,0,1,0,3,12,0
75,2018/2019,8,Valladolid/Huesca,Valladolid,Huesca,43%,1,3,6,9,1,6,5,1,0,0,0,1,3,10,0,57%,0,1,10,11,2,2,1,2,0,0,0,0,3,13,0
76,2018/2019,8,Atletico-Madrid/Betis,Atletico-Madrid,Betis,36%,1,5,8,13,0,6,0,5,0,1,1,0,3,16,0,64%,0,0,3,3,4,3,0,2,0,0,0,1,3,9,0
77,2018/2019,8,Espanyol/Villarreal,Espanyol,Villarreal,54%,3,11,16,27,5,9,1,3,0,2,0,0,3,13,0,46%,1,6,7,13,8,3,2,2,0,0,0,0,3,8,0
78,2018/2019,8,Sevilla/Celta,Sevilla,Celta,51%,2,3,9,12,4,8,3,3,0,2,0,0,2,14,0,49%,1,5,8,13,1,8,1,3,1,1,0,1,3,9,0
79,2018/2019,8,Valencia-Cf/Barcelona,Valencia-Cf,Barcelona,25%,1,3,7,10,4,5,0,2,0,0,0,1,3,11,0,75%,1,5,5,10,2,2,2,2,0,1,0,0,2,5,0
80,2018/2019,9,Celta/Alaves,Celta,Alaves,61%,0,9,10,19,1,6,2,2,0,0,0,0,3,9,0,39%,1,2,7,9,9,2,0,3,0,1,0,0,3,11,0
81,2018/2019,9,Real-Madrid/Levante,Real-Madrid,Levante,70%,1,12,22,34,0,15,4,1,0,1,3,0,3,11,0,30%,2,2,4,6,11,1,5,2,0,1,0,1,3,18,0
82,2018/2019,9,Valencia-Cf/Leganes,Valencia-Cf,Leganes,58%,1,4,13,17,4,9,2,1,0,1,0,1,3,9,0,42%,1,5,1,6,3,1,1,2,0,0,0,3,3,13,0
83,2018/2019,9,Villarreal/Atletico-Madrid,Villarreal,Atletico-Madrid,52%,1,6,12,18,3,8,0,3,0,1,0,1,3,16,0,48%,1,4,9,13,5,6,0,1,0,0,0,0,3,9,0
84,2018/2019,9,Barcelona/Sevilla,Barcelona,Sevilla,52%,4,9,13,22,5,5,1,0,0,2,1,1,3,8,0,48%,2,7,12,19,5,7,4,1,0,1,1,1,3,16,0
85,2018/2019,9,Rayo-Vallecano/Getafe,Rayo-Vallecano,Getafe,66%,1,3,7,10,0,6,2,5,1,1,1,0,3,14,0,34%,2,2,3,5,2,2,4,5,0,1,0,1,3,25,0
86,2018/2019,9,Eibar/Athletic-Bilbao,Eibar,Athletic-Bilbao,60%,1,7,9,16,1,8,6,2,0,0,0,0,2,6,0,40%,1,2,3,5,6,2,4,3,0,1,0,0,3,12,0
87,2018/2019,9,Huesca/Espanyol,Huesca,Espanyol,53%,0,2,6,8,0,5,1,2,0,0,0,0,3,18,0,47%,2,2,3,5,2,4,4,3,0,2,1,0,3,14,0
88,2018/2019,9,Betis/Valladolid,Betis,Valladolid,63%,0,4,15,19,1,9,2,0,0,0,0,1,3,7,0,37%,1,2,4,6,4,6,4,4,0,1,0,1,3,9,0
89,2018/2019,9,Real-Sociedad/Girona-Fc,Real-Sociedad,Girona-Fc,56%,0,8,6,14,2,6,3,3,0,0,2,0,3,14,0,44%,0,2,7,9,8,5,0,1,0,0,0,0,3,14,0
90,2018/2019,10,Valladolid/Espanyol,Valladolid,Espanyol,55%,1,2,13,15,3,5,5,4,0,0,0,0,3,16,0,45%,1,4,7,11,1,2,4,2,0,1,0,0,3,15,0
91,2018/2019,10,Girona-Fc/Rayo-Vallecano,Girona-Fc,Rayo-Vallecano,44%,2,6,8,14,4,4,3,1,1,1,1,3,3,11,0,56%,1,5,9,14,4,7,2,3,0,0,0,0,3,16,0
92,2018/2019,10,Athletic-Bilbao/Valencia-Cf,Athletic-Bilbao,Valencia-Cf,53%,0,1,9,10,2,5,0,2,0,0,0,0,3,24,0,47%,0,2,8,10,1,2,5,4,0,0,0,0,2,19,0
93,2018/2019,10,Celta/Eibar,Celta,Eibar,40%,4,6,4,10,5,2,1,0,0,3,0,0,3,8,0,60%,0,5,11,16,2,8,2,0,0,0,0,1,3,8,0
94,2018/2019,10,Levante/Leganes,Levante,Leganes,42%,2,4,5,9,6,3,0,2,0,2,0,1,3,12,0,58%,0,6,14,20,2,2,2,2,0,0,3,0,3,14,0
95,2018/2019,10,Atletico-Madrid/Real-Sociedad,Atletico-Madrid,Real-Sociedad,61%,2,4,10,14,0,9,3,1,0,1,0,1,2,9,0,39%,0,0,7,7,2,1,0,2,0,0,0,0,3,7,0
96,2018/2019,10,Getafe/Betis,Getafe,Betis,30%,2,7,9,16,3,5,5,1,0,2,0,0,3,8,0,70%,0,3,4,7,5,4,2,2,0,0,0,0,2,14,0
97,2018/2019,10,Barcelona/Real-Madrid,Barcelona,Real-Madrid,53%,5,8,5,13,3,4,2,2,0,4,1,0,3,17,0,47%,1,4,11,15,3,2,4,2,0,0,1,2,3,14,0
98,2018/2019,10,Alaves/Villarreal,Alaves,Villarreal,47%,2,6,13,19,1,8,1,1,0,1,1,1,3,9,0,53%,1,2,7,9,4,4,6,1,0,0,0,0,3,11,0
99,2018/2019,10,Sevilla/Huesca,Sevilla,Huesca,64%,2,4,11,15,2,4,2,2,0,2,0,1,3,9,0,36%,1,2,8,10,2,1,5,2,0,1,0,0,3,13,0
100,2018/2019,11,Leganes/Atletico-Madrid,Leganes,Atletico-Madrid,45%,1,3,5,8,3,4,0,3,0,0,1,0,3,17,0,55%,1,4,4,8,2,6,2,2,0,0,0,0,3,12,0
101,2018/2019,11,Real-Madrid/Valladolid,Real-Madrid,Valladolid,59%,2,7,10,17,2,8,4,1,0,0,0,0,3,12,0,41%,0,2,9,11,5,5,0,0,0,0,2,0,3,6,0
102,2018/2019,11,Valencia-Cf/Girona-Fc,Valencia-Cf,Girona-Fc,52%,0,8,15,23,2,11,3,4,0,0,1,0,3,14,0,48%,1,3,2,5,8,2,1,4,0,0,0,0,3,12,0
103,2018/2019,11,Rayo-Vallecano/Barcelona,Rayo-Vallecano,Barcelona,30%,2,4,6,10,2,3,4,4,0,0,1,1,3,23,0,70%,3,5,4,9,2,1,2,2,0,2,1,0,3,10,0
104,2018/2019,11,Eibar/Alaves,Eibar,Alaves,72%,2,7,15,22,2,13,0,3,1,2,2,0,3,11,0,28%,1,3,4,7,5,1,6,0,1,1,0,1,3,6,0
105,2018/2019,11,Villarreal/Levante,Villarreal,Levante,58%,1,4,19,23,2,5,2,3,0,1,0,0,3,13,0,42%,1,3,10,13,3,4,2,3,0,0,0,0,3,10,0
106,2018/2019,11,Real-Sociedad/Sevilla,Real-Sociedad,Sevilla,51%,0,1,8,9,1,7,1,1,0,0,0,0,3,8,0,49%,0,1,8,9,1,7,3,3,0,0,0,0,2,15,0
107,2018/2019,11,Huesca/Getafe,Huesca,Getafe,53%,1,7,11,18,1,9,6,5,0,1,0,1,3,18,0,47%,1,2,6,8,6,2,8,3,0,1,0,0,3,12,0
108,2018/2019,11,Betis/Celta,Betis,Celta,59%,3,6,8,14,4,4,0,4,0,2,1,0,3,12,0,41%,3,7,7,14,3,3,5,2,0,3,1,0,3,11,0
109,2018/2019,11,Espanyol/Athletic-Bilbao,Espanyol,Athletic-Bilbao,41%,1,3,4,7,2,2,0,1,0,1,0,0,3,15,0,59%,0,2,9,11,2,1,2,3,0,0,0,1,3,13,0
110,2018/2019,12,Levante/Real-Sociedad,Levante,Real-Sociedad,47%,1,2,14,16,1,6,3,6,0,1,0,0,3,17,0,53%,3,4,10,14,1,4,4,1,0,3,0,0,2,12,0
111,2018/2019,12,Valladolid/Eibar,Valladolid,Eibar,50%,0,1,7,8,6,4,6,2,0,0,0,1,3,15,0,50%,0,6,10,16,1,4,1,4,1,0,0,0,3,15,0
112,2018/2019,12,Getafe/Valencia-Cf,Getafe,Valencia-Cf,37%,0,3,14,17,2,6,7,3,1,0,2,0,3,22,0,63%,1,3,3,6,3,4,3,3,0,0,0,0,3,7,0
113,2018/2019,12,Atletico-Madrid/Athletic-Bilbao,Atletico-Madrid,Athletic-Bilbao,51%,3,3,6,9,3,12,1,4,0,3,0,1,3,8,0,49%,2,5,1,6,0,2,1,3,0,1,1,0,3,14,0
114,2018/2019,12,Girona-Fc/Leganes,Girona-Fc,Leganes,59%,0,0,5,5,1,0,0,1,0,0,1,1,3,11,0,41%,0,1,5,6,0,5,4,4,0,0,1,1,3,13,0
115,2018/2019,12,Alaves/Huesca,Alaves,Huesca,50%,2,5,8,13,1,5,2,3,0,1,0,0,3,20,0,50%,1,2,7,9,3,4,3,4,0,1,0,1,3,13,0
116,2018/2019,12,Barcelona/Betis,Barcelona,Betis,53%,3,4,14,18,4,9,2,4,1,2,0,0,3,13,0,47%,4,8,7,15,2,5,2,2,0,4,0,0,3,11,0
117,2018/2019,12,Rayo-Vallecano/Villarreal,Rayo-Vallecano,Villarreal,58%,2,7,6,13,3,8,2,1,0,1,0,0,3,7,0,42%,2,5,6,11,5,4,8,3,1,2,1,0,3,12,0
118,2018/2019,12,Sevilla/Espanyol,Sevilla,Espanyol,51%,2,10,13,23,6,6,0,4,0,2,2,0,3,18,0,49%,1,7,7,14,8,3,2,2,0,1,0,2,3,10,0
119,2018/2019,12,Celta/Real-Madrid,Celta,Real-Madrid,52%,2,4,11,15,1,5,5,4,1,2,1,0,2,19,0,48%,4,5,9,14,2,1,2,2,0,2,2,3,3,13,0
120,2018/2019,13,Leganes/Alaves,Leganes,Alaves,48%,1,6,7,13,2,5,3,2,0,1,0,1,3,10,0,52%,0,2,5,7,5,3,1,4,0,0,0,0,3,13,0
121,2018/2019,13,Eibar/Real-Madrid,Eibar,Real-Madrid,39%,3,8,6,14,3,5,4,2,0,2,1,0,3,17,0,61%,0,3,6,9,5,4,11,1,0,0,0,1,3,7,0
122,2018/2019,13,Valencia-Cf/Rayo-Vallecano,Valencia-Cf,Rayo-Vallecano,48%,3,9,3,12,2,6,3,2,0,2,0,0,3,13,0,52%,0,2,6,8,6,5,3,4,1,0,1,0,3,11,0
123,2018/2019,13,Huesca/Levante,Huesca,Levante,49%,2,12,19,31,1,6,6,3,0,2,0,0,3,11,0,51%,2,3,2,5,10,3,5,3,0,2,1,0,3,8,0
124,2018/2019,13,Atletico-Madrid/Barcelona,Atletico-Madrid,Barcelona,28%,1,1,2,3,1,1,1,5,0,1,0,1,2,19,0,72%,1,2,4,6,0,8,0,2,0,1,0,1,3,11,0
125,2018/2019,13,Athletic-Bilbao/Getafe,Athletic-Bilbao,Getafe,64%,1,4,4,8,1,2,3,5,0,1,1,2,3,10,0,36%,1,2,12,14,3,2,5,3,0,1,0,0,3,12,0
126,2018/2019,13,Sevilla/Valladolid,Sevilla,Valladolid,49%,1,7,8,15,4,8,2,3,0,1,0,0,3,15,0,51%,0,4,9,13,6,5,3,3,0,0,0,0,3,14,0
127,2018/2019,13,Espanyol/Girona-Fc,Espanyol,Girona-Fc,59%,1,8,6,14,6,7,3,3,0,0,0,1,3,15,0,41%,3,9,5,14,7,3,1,3,0,2,0,1,3,12,0
128,2018/2019,13,Villarreal/Betis,Villarreal,Betis,35%,2,8,5,13,5,5,2,2,0,2,0,1,3,15,0,65%,1,6,7,13,6,4,0,1,0,1,0,0,3,12,0
129,2018/2019,13,Real-Sociedad/Celta,Real-Sociedad,Celta,48%,2,7,7,14,1,6,4,2,0,1,2,0,3,12,0,52%,1,2,4,6,5,2,0,2,0,1,0,0,3,14,0
130,2018/2019,14,Rayo-Vallecano/Eibar,Rayo-Vallecano,Eibar,37%,1,2,3,5,5,1,3,5,0,1,0,1,3,15,0,63%,0,5,8,13,1,4,6,3,0,0,0,0,3,12,0
131,2018/2019,14,Celta/Huesca,Celta,Huesca,60%,2,5,7,12,3,4,6,2,0,2,0,0,3,13,0,40%,0,3,4,7,3,4,4,3,0,0,0,1,3,14,0
132,2018/2019,14,Valladolid/Leganes,Valladolid,Leganes,67%,2,6,14,20,1,6,1,0,0,1,1,0,3,5,0,33%,4,5,9,14,4,5,1,3,0,2,0,0,3,13,0
133,2018/2019,14,Getafe/Espanyol,Getafe,Espanyol,41%,3,5,9,14,1,7,1,3,0,3,0,1,3,15,0,59%,0,1,4,5,2,4,0,2,0,0,0,0,3,15,0
134,2018/2019,14,Real-Madrid/Valencia-Cf,Real-Madrid,Valencia-Cf,60%,2,3,10,13,2,2,2,1,0,1,0,0,3,10,0,40%,0,2,5,7,1,1,3,3,0,0,0,0,3,9,0
135,2018/2019,14,Betis/Real-Sociedad,Betis,Real-Sociedad,57%,1,4,2,6,4,6,2,4,0,1,0,1,3,18,0,43%,0,4,2,6,3,4,2,2,0,0,0,0,3,18,0
136,2018/2019,14,Girona-Fc/Atletico-Madrid,Girona-Fc,Atletico-Madrid,43%,1,3,9,12,2,2,1,0,0,0,0,1,3,8,0,57%,1,3,13,16,2,9,0,6,0,0,1,0,2,15,0
137,2018/2019,14,Barcelona/Villarreal,Barcelona,Villarreal,61%,2,6,8,14,2,11,3,2,0,2,0,0,2,9,0,39%,0,2,10,12,4,1,2,4,0,0,1,0,3,16,0
138,2018/2019,14,Alaves/Sevilla,Alaves,Sevilla,45%,1,4,8,12,2,2,1,2,0,1,1,0,3,19,0,55%,1,3,11,14,3,5,3,3,0,1,0,0,3,13,0
139,2018/2019,14,Levante/Athletic-Bilbao,Levante,Athletic-Bilbao,45%,3,7,10,17,3,2,3,3,0,1,0,0,3,11,0,55%,0,3,9,12,4,6,2,5,1,0,0,1,3,15,0
140,2018/2019,15,Leganes/Getafe,Leganes,Getafe,67%,1,5,12,17,1,7,2,1,1,1,0,0,2,11,0,33%,1,2,4,6,4,2,0,2,0,1,0,2,3,13,0
141,2018/2019,15,Atletico-Madrid/Alaves,Atletico-Madrid,Alaves,47%,3,5,5,10,3,5,1,5,0,1,2,1,3,19,0,53%,0,3,10,13,2,5,0,3,0,0,0,0,3,13,0
142,2018/2019,15,Valencia-Cf/Sevilla,Valencia-Cf,Sevilla,53%,1,5,9,14,2,6,0,0,0,1,0,1,3,12,0,47%,1,3,8,11,5,4,1,3,0,1,2,0,2,16,0
143,2018/2019,15,Villarreal/Celta,Villarreal,Celta,52%,2,3,10,13,4,6,7,3,0,2,1,0,3,11,0,48%,3,7,6,13,1,1,4,3,0,3,1,1,3,10,0
144,2018/2019,15,Espanyol/Barcelona,Espanyol,Barcelona,43%,0,4,10,14,5,11,3,1,0,0,0,0,3,15,0,57%,4,9,7,16,4,4,4,0,0,2,2,0,3,8,0
145,2018/2019,15,Eibar/Levante,Eibar,Levante,60%,4,7,25,32,1,12,0,2,0,2,0,0,3,11,0,40%,4,5,9,14,3,3,3,2,0,3,0,0,3,7,0
146,2018/2019,15,Huesca/Real-Madrid,Huesca,Real-Madrid,45%,0,3,6,9,3,9,3,2,0,0,0,1,3,12,0,55%,1,4,1,5,3,6,3,2,0,1,0,0,3,8,0
147,2018/2019,15,Real-Sociedad/Valladolid,Real-Sociedad,Valladolid,67%,1,5,17,22,4,9,2,2,0,1,0,0,3,9,0,33%,2,6,4,10,4,6,0,2,0,2,0,0,3,15,0
148,2018/2019,15,Betis/Rayo-Vallecano,Betis,Rayo-Vallecano,59%,2,3,5,8,3,2,7,2,0,1,0,0,3,12,0,41%,0,3,8,11,1,9,1,3,0,0,0,0,3,19,0
149,2018/2019,15,Athletic-Bilbao/Girona-Fc,Athletic-Bilbao,Girona-Fc,50%,1,10,15,25,1,11,3,3,0,0,1,0,3,17,0,50%,0,1,2,3,9,0,0,1,0,0,0,0,3,15,0
150,2018/2019,16,Celta/Leganes,Celta,Leganes,79%,0,2,13,15,2,9,0,3,0,0,1,0,2,11,0,21%,0,2,3,5,2,0,3,2,0,0,0,1,3,9,0
151,2018/2019,16,Getafe/Real-Sociedad,Getafe,Real-Sociedad,28%,1,2,7,9,4,2,2,3,0,0,1,0,3,23,0,72%,0,4,5,9,1,3,6,4,0,0,0,1,3,13,0
152,2018/2019,16,Valladolid/Atletico-Madrid,Valladolid,Atletico-Madrid,57%,2,3,6,9,1,9,0,4,0,1,0,0,3,14,0,43%,3,4,8,12,1,3,3,1,0,2,0,1,3,12,0
153,2018/2019,16,Real-Madrid/Rayo-Vallecano,Real-Madrid,Rayo-Vallecano,69%,1,4,4,8,1,4,6,0,0,1,1,1,3,13,0,31%,0,1,6,7,3,4,1,3,0,0,0,0,3,18,0
154,2018/2019,16,Eibar/Valencia-Cf,Eibar,Valencia-Cf,55%,1,6,11,17,2,4,5,0,0,0,1,0,3,11,0,45%,1,3,7,10,5,2,3,1,0,1,0,2,3,14,0
155,2018/2019,16,Sevilla/Girona-Fc,Sevilla,Girona-Fc,50%,2,5,10,15,1,5,1,2,0,1,0,2,3,18,0,50%,0,1,5,6,3,2,0,1,0,0,0,1,3,12,0
156,2018/2019,16,Espanyol/Betis,Espanyol,Betis,32%,1,3,7,10,3,0,4,3,0,1,0,0,3,21,0,68%,3,5,7,12,2,4,1,4,0,1,0,1,3,10,0
157,2018/2019,16,Huesca/Villarreal,Huesca,Villarreal,54%,2,10,16,26,3,12,1,3,0,0,0,0,3,12,0,46%,2,5,5,10,9,2,1,4,1,1,0,0,3,11,0
158,2018/2019,16,Levante/Barcelona,Levante,Barcelona,42%,0,6,14,20,4,15,2,2,1,0,1,0,3,12,0,58%,5,9,7,16,6,3,4,3,0,4,0,0,3,9,0
159,2018/2019,16,Alaves/Athletic-Bilbao,Alaves,Athletic-Bilbao,46%,0,2,9,11,3,5,2,2,0,0,0,0,3,16,0,54%,0,3,3,6,2,3,3,2,0,0,0,0,3,13,0
160,2018/2019,17,Girona-Fc/Getafe,Girona-Fc,Getafe,66%,1,4,8,12,1,4,2,1,0,1,0,0,2,9,0,34%,1,2,3,5,3,1,2,2,0,1,0,1,3,13,0
161,2018/2019,17,Real-Sociedad/Alaves,Real-Sociedad,Alaves,67%,0,4,12,16,2,10,2,2,0,0,0,0,3,14,0,33%,1,3,6,9,4,1,3,3,0,1,0,1,3,10,0
162,2018/2019,17,Betis/Eibar,Betis,Eibar,57%,1,2,2,4,3,4,3,2,0,1,0,1,3,10,0,43%,1,4,11,15,1,11,0,4,0,0,0,2,3,12,0
163,2018/2019,17,Atletico-Madrid/Espanyol,Atletico-Madrid,Espanyol,37%,1,5,3,8,4,5,2,1,0,0,0,0,3,16,0,63%,0,4,13,17,4,9,1,1,0,0,1,0,3,13,0
164,2018/2019,17,Barcelona/Celta,Barcelona,Celta,51%,2,6,3,9,3,4,5,0,0,1,0,0,3,13,0,49%,0,3,9,12,4,6,0,1,0,0,0,1,3,14,0
165,2018/2019,17,Athletic-Bilbao/Valladolid,Athletic-Bilbao,Valladolid,43%,1,3,5,8,1,3,1,3,0,0,0,0,3,25,0,57%,1,2,3,5,2,1,5,2,0,1,0,0,3,12,0
166,2018/2019,17,Valencia-Cf/Huesca,Valencia-Cf,Huesca,48%,2,8,12,20,3,12,3,7,0,2,0,0,2,14,0,52%,1,4,7,11,6,5,2,3,0,0,1,0,3,15,0
167,2018/2019,17,Leganes/Sevilla,Leganes,Sevilla,46%,1,4,9,13,1,3,2,3,0,1,1,0,2,14,0,54%,1,2,6,8,3,6,2,3,1,1,1,0,3,9,0
168,2018/2019,17,Rayo-Vallecano/Levante,Rayo-Vallecano,Levante,41%,2,8,10,18,6,3,0,0,0,0,0,1,3,13,0,59%,1,7,5,12,6,5,7,2,0,1,0,0,3,10,0
169,2018/2019,17,Villarreal/Real-Madrid,Villarreal,Real-Madrid,46%,2,4,9,13,5,6,3,1,0,2,0,0,3,10,0,54%,2,7,7,14,2,4,3,2,0,2,0,1,3,12,0
170,2018/2019,18,Levante/Girona-Fc,Levante,Girona-Fc,55%,2,8,10,18,0,8,2,3,1,2,0,0,3,18,0,45%,2,2,7,9,6,2,2,1,0,1,0,0,3,14,0
171,2018/2019,18,Espanyol/Leganes,Espanyol,Leganes,51%,1,2,11,13,2,2,0,2,0,0,1,0,3,10,0,49%,0,2,8,10,1,6,1,5,1,0,0,0,3,16,0
172,2018/2019,18,Valladolid/Rayo-Vallecano,Valladolid,Rayo-Vallecano,58%,0,5,7,12,4,9,2,0,0,0,0,1,3,16,0,42%,1,5,4,9,5,5,1,3,0,1,0,0,3,23,0
173,2018/2019,18,Alaves/Valencia-Cf,Alaves,Valencia-Cf,45%,2,5,9,14,1,2,1,3,0,2,0,0,3,10,0,55%,1,2,13,15,3,6,1,3,0,0,0,0,3,13,0
174,2018/2019,18,Huesca/Betis,Huesca,Betis,32%,2,6,5,11,0,4,4,3,0,1,0,0,3,20,0,68%,1,1,5,6,4,6,1,2,0,0,0,0,3,7,0
175,2018/2019,18,Eibar/Villarreal,Eibar,Villarreal,55%,0,6,18,24,4,13,2,0,0,0,0,1,3,12,0,45%,0,4,3,7,6,1,4,2,0,0,0,0,3,17,0
176,2018/2019,18,Sevilla/Atletico-Madrid,Sevilla,Atletico-Madrid,55%,1,5,9,14,6,4,1,3,0,1,1,0,3,14,0,45%,1,7,5,12,4,5,2,6,0,0,0,0,2,10,0
177,2018/2019,18,Real-Madrid/Real-Sociedad,Real-Madrid,Real-Sociedad,60%,0,7,17,24,2,9,1,5,1,0,1,0,3,11,0,40%,2,4,7,11,7,4,1,1,0,1,0,1,3,13,0
178,2018/2019,18,Getafe/Barcelona,Getafe,Barcelona,23%,1,2,9,11,6,4,3,4,0,1,1,0,3,23,0,77%,2,8,4,12,1,3,2,3,0,0,0,0,3,12,0
179,2018/2019,18,Celta/Athletic-Bilbao,Celta,Athletic-Bilbao,66%,1,3,12,15,2,3,1,2,0,1,1,0,3,16,0,34%,2,4,4,8,2,2,2,5,0,2,0,1,3,21,0
180,2018/2019,19,Rayo-Vallecano/Celta,Rayo-Vallecano,Celta,38%,4,8,3,11,2,7,4,4,0,3,0,0,3,12,0,62%,2,4,9,13,4,5,2,1,0,0,1,0,3,7,0
181,2018/2019,19,Leganes/Huesca,Leganes,Huesca,49%,1,7,7,14,1,4,3,3,0,1,1,1,3,10,0,51%,0,1,6,7,6,4,1,3,0,0,0,0,3,9,0
182,2018/2019,19,Valencia-Cf/Valladolid,Valencia-Cf,Valladolid,62%,1,5,11,16,0,7,2,2,0,1,0,0,3,15,0,38%,1,1,5,6,4,0,0,5,0,0,0,0,3,17,0
183,2018/2019,19,Girona-Fc/Alaves,Girona-Fc,Alaves,55%,1,4,4,8,3,6,2,3,0,1,0,0,3,20,0,45%,1,4,11,15,3,3,3,2,0,1,0,0,3,13,0
184,2018/2019,19,Villarreal/Getafe,Villarreal,Getafe,58%,1,6,11,17,2,6,1,5,0,0,3,0,2,14,0,42%,2,4,5,9,5,1,3,3,0,2,0,0,3,13,0
185,2018/2019,19,Atletico-Madrid/Levante,Atletico-Madrid,Levante,59%,1,5,14,19,2,5,3,0,0,0,0,1,3,9,0,41%,0,2,5,7,4,2,0,3,0,0,0,1,3,17,0
186,2018/2019,19,Athletic-Bilbao/Sevilla,Athletic-Bilbao,Sevilla,43%,2,3,8,11,4,7,3,4,0,2,0,0,3,14,0,57%,0,4,5,9,1,5,3,2,0,0,0,0,3,12,0
187,2018/2019,19,Barcelona/Eibar,Barcelona,Eibar,59%,3,6,1,7,1,2,8,2,0,3,0,0,3,10,0,41%,0,1,11,12,3,3,3,1,0,0,0,0,3,12,0
188,2018/2019,19,Betis/Real-Madrid,Betis,Real-Madrid,73%,1,2,7,9,3,6,4,2,0,1,0,0,3,9,0,27%,2,5,9,14,1,5,4,3,0,0,0,1,3,12,0
189,2018/2019,19,Real-Sociedad/Espanyol,Real-Sociedad,Espanyol,40%,3,4,5,9,0,7,2,6,1,1,1,0,3,15,0,60%,2,2,19,21,1,3,3,4,0,1,0,0,3,11,0
190,2018/2019,20,Getafe/Alaves,Getafe,Alaves,44%,4,6,7,13,0,4,1,0,0,3,0,0,3,14,0,56%,0,0,6,6,2,2,1,6,0,0,0,0,3,0,0
191,2018/2019,20,Real-Madrid/Sevilla,Real-Madrid,Sevilla,69%,2,6,17,23,1,7,3,2,0,1,1,0,2,10,0,31%,0,1,3,4,4,4,1,3,0,0,0,0,3,14,0
192,2018/2019,20,Huesca/Atletico-Madrid,Huesca,Atletico-Madrid,50%,0,3,11,14,5,6,0,2,0,0,1,0,3,15,0,50%,3,8,6,14,3,5,3,2,0,2,1,0,3,13,0
193,2018/2019,20,Celta/Valencia-Cf,Celta,Valencia-Cf,57%,1,4,8,12,6,4,2,3,0,1,0,0,3,17,0,43%,2,8,6,14,3,6,1,3,0,1,0,0,3,12,0
194,2018/2019,20,Betis/Girona-Fc,Betis,Girona-Fc,59%,3,5,7,12,3,7,1,2,0,1,0,0,3,9,0,41%,2,5,3,8,2,2,3,4,0,2,0,0,3,12,0
195,2018/2019,20,Villarreal/Athletic-Bilbao,Villarreal,Athletic-Bilbao,49%,1,1,2,3,1,1,3,4,0,1,0,0,3,17,0,51%,1,2,7,9,0,3,1,1,0,0,0,0,3,13,0
196,2018/2019,20,Levante/Valladolid,Levante,Valladolid,49%,2,4,9,13,3,3,2,5,0,2,0,0,3,12,0,51%,0,3,10,13,2,2,2,4,0,0,0,0,3,18,0
197,2018/2019,20,Rayo-Vallecano/Real-Sociedad,Rayo-Vallecano,Real-Sociedad,35%,2,4,7,11,2,2,1,2,0,1,0,0,3,14,0,65%,2,4,6,10,2,9,2,1,0,1,0,0,2,10,0
198,2018/2019,20,Barcelona/Leganes,Barcelona,Leganes,71%,3,6,7,13,1,5,0,3,0,2,0,1,3,12,0,29%,1,2,3,5,3,1,1,3,0,1,0,0,3,17,0
199,2018/2019,20,Eibar/Espanyol,Eibar,Espanyol,54%,3,8,6,14,0,6,6,2,0,2,0,0,3,15,0,46%,0,0,6,6,5,2,6,5,0,0,0,1,3,8,0
200,2018/2019,21,Sevilla/Levante,Sevilla,Levante,53%,5,9,14,23,0,5,1,2,0,3,2,2,3,15,0,47%,0,0,7,7,4,8,2,1,0,0,1,0,3,13,0
201,2018/2019,21,Atletico-Madrid/Getafe,Atletico-Madrid,Getafe,64%,2,5,4,9,2,3,2,2,0,1,0,0,2,11,0,36%,0,2,4,6,3,6,1,7,2,0,0,0,3,24,0
202,2018/2019,21,Leganes/Eibar,Leganes,Eibar,54%,2,3,6,9,0,4,1,2,0,2,0,0,3,14,0,46%,2,2,3,5,1,5,2,3,0,1,0,0,3,13,0
203,2018/2019,21,Valencia-Cf/Villarreal,Valencia-Cf,Villarreal,45%,3,9,9,18,5,7,2,1,0,3,2,0,3,12,0,55%,0,5,8,13,6,4,2,3,0,0,0,0,3,8,0
204,2018/2019,21,Valladolid/Celta,Valladolid,Celta,43%,2,7,11,18,2,7,4,2,0,2,0,0,3,14,0,57%,1,3,5,8,5,5,1,5,1,1,0,0,3,19,0
205,2018/2019,21,Girona-Fc/Barcelona,Girona-Fc,Barcelona,36%,0,5,8,13,5,3,0,5,1,0,0,0,3,18,0,64%,2,7,8,15,5,8,2,3,0,1,0,0,3,12,0
206,2018/2019,21,Athletic-Bilbao/Betis,Athletic-Bilbao,Betis,39%,1,2,8,10,2,6,1,4,1,1,1,0,3,19,0,61%,0,2,5,7,1,4,2,2,0,0,1,0,3,5,0
207,2018/2019,21,Real-Sociedad/Huesca,Real-Sociedad,Huesca,68%,0,1,7,8,1,5,4,0,0,0,0,0,3,7,0,32%,0,1,6,7,1,2,2,2,0,0,1,0,3,21,0
208,2018/2019,21,Espanyol/Real-Madrid,Espanyol,Real-Madrid,36%,2,6,8,14,5,1,3,3,0,1,0,0,3,14,0,64%,4,9,7,16,4,6,0,3,1,2,0,1,3,17,0
209,2018/2019,21,Alaves/Rayo-Vallecano,Alaves,Rayo-Vallecano,51%,0,1,15,16,1,7,1,2,0,0,1,0,3,14,0,49%,1,2,11,13,1,4,1,5,0,1,1,0,3,19,0
210,2018/2019,22,Huesca/Valladolid,Huesca,Valladolid,43%,4,7,4,11,5,7,1,6,0,4,0,0,3,17,0,57%,0,5,5,10,3,7,5,2,0,0,0,0,3,11,0
211,2018/2019,22,Levante/Getafe,Levante,Getafe,57%,0,5,4,9,3,5,2,3,0,0,0,1,3,6,0,43%,0,3,6,9,5,5,5,3,0,0,0,0,3,15,0
212,2018/2019,22,Real-Sociedad/Athletic-Bilbao,Real-Sociedad,Athletic-Bilbao,47%,2,2,4,6,4,3,2,1,0,1,1,0,3,15,0,53%,1,5,3,8,0,3,1,1,0,0,0,0,3,12,0
213,2018/2019,22,Barcelona/Valencia-Cf,Barcelona,Valencia-Cf,68%,2,8,12,20,5,9,1,3,0,1,1,0,3,8,0,32%,2,7,7,14,6,1,0,0,0,1,1,1,3,5,0
214,2018/2019,22,Celta/Sevilla,Celta,Sevilla,44%,1,4,6,10,1,4,3,4,0,0,0,1,3,12,0,56%,0,1,10,11,3,9,3,4,0,0,1,1,3,12,0
215,2018/2019,22,Villarreal/Espanyol,Villarreal,Espanyol,41%,2,5,9,14,0,3,2,4,0,0,2,0,3,22,0,59%,2,2,15,17,3,2,1,5,0,1,0,0,3,16,0
216,2018/2019,22,Betis/Atletico-Madrid,Betis,Atletico-Madrid,55%,1,3,4,7,1,1,2,4,0,0,0,1,3,8,0,45%,0,1,12,13,2,7,2,3,0,0,1,0,3,20,0
217,2018/2019,22,Eibar/Girona-Fc,Eibar,Girona-Fc,55%,3,5,12,17,2,8,2,1,0,2,1,0,3,11,0,45%,0,2,3,5,2,5,3,1,0,0,0,0,3,8,0
218,2018/2019,22,Real-Madrid/Alaves,Real-Madrid,Alaves,72%,3,7,14,21,1,7,3,0,0,3,0,0,3,9,0,28%,0,1,7,8,4,2,3,3,0,0,0,0,3,12,0
219,2018/2019,22,Rayo-Vallecano/Leganes,Rayo-Vallecano,Leganes,61%,1,6,8,14,2,5,1,6,0,0,0,0,3,19,0,39%,2,4,9,13,5,6,0,4,1,2,1,0,3,10,0
220,2018/2019,23,Valladolid/Villarreal,Valladolid,Villarreal,48%,0,3,6,9,3,8,0,3,0,0,0,0,3,12,0,52%,0,3,4,7,3,3,3,2,0,0,0,0,3,18,0
221,2018/2019,23,Getafe/Celta,Getafe,Celta,49%,3,6,6,12,2,4,3,3,0,1,1,0,3,16,0,51%,1,3,10,13,3,3,4,3,1,1,0,1,3,13,0
222,2018/2019,23,Atletico-Madrid/Real-Madrid,Atletico-Madrid,Real-Madrid,35%,1,2,8,10,1,3,4,7,1,1,0,0,3,20,0,65%,3,4,7,11,1,4,0,3,0,1,0,0,3,15,0
223,2018/2019,23,Espanyol/Rayo-Vallecano,Espanyol,Rayo-Vallecano,60%,2,4,9,13,1,6,5,0,0,1,1,1,3,11,0,40%,1,2,5,7,3,2,1,2,0,1,1,1,3,18,0
224,2018/2019,23,Girona-Fc/Huesca,Girona-Fc,Huesca,67%,0,6,7,13,4,13,2,3,1,0,1,0,3,8,0,33%,2,6,0,6,6,2,2,1,0,2,0,1,3,16,0
225,2018/2019,23,Leganes/Betis,Leganes,Betis,30%,3,4,13,17,1,4,3,3,0,2,0,0,3,21,0,70%,0,1,1,2,1,4,0,2,1,0,0,0,3,9,0
226,2018/2019,23,Valencia-Cf/Real-Sociedad,Valencia-Cf,Real-Sociedad,41%,0,4,5,9,1,7,2,2,0,0,0,0,3,11,0,59%,0,1,7,8,4,5,0,4,0,0,0,2,3,18,0
227,2018/2019,23,Sevilla/Eibar,Sevilla,Eibar,58%,2,4,8,12,1,9,2,4,1,2,0,0,3,10,0,42%,2,3,4,7,2,7,3,2,0,1,0,1,3,7,0
228,2018/2019,23,Athletic-Bilbao/Barcelona,Athletic-Bilbao,Barcelona,33%,0,5,8,13,1,6,2,3,0,0,0,0,3,21,0,67%,0,1,8,9,5,4,3,2,0,0,0,0,3,9,0
229,2018/2019,23,Alaves/Levante,Alaves,Levante,47%,2,4,12,16,0,3,1,3,0,1,1,0,3,14,0,53%,0,0,8,8,2,10,0,2,0,0,0,0,3,18,0
230,2018/2019,24,Eibar/Getafe,Eibar,Getafe,59%,2,6,5,11,2,3,3,2,0,0,0,0,3,12,0,41%,2,4,3,7,4,2,6,1,0,1,0,0,3,12,0
231,2018/2019,24,Celta/Levante,Celta,Levante,58%,1,6,7,13,4,5,3,1,1,0,0,0,2,12,0,42%,4,8,6,14,5,7,1,1,0,4,0,1,3,17,0
232,2018/2019,24,Rayo-Vallecano/Atletico-Madrid,Rayo-Vallecano,Atletico-Madrid,47%,0,5,6,11,2,4,0,0,0,0,0,0,3,10,0,53%,1,3,1,4,5,6,2,1,0,1,0,0,3,12,0
233,2018/2019,24,Real-Sociedad/Leganes,Real-Sociedad,Leganes,62%,3,6,8,14,3,4,2,4,0,3,0,0,3,10,0,38%,0,3,5,8,3,1,1,2,0,0,1,0,3,16,0
234,2018/2019,24,Barcelona/Valladolid,Barcelona,Valladolid,61%,1,7,11,18,0,3,2,1,0,0,0,0,3,12,0,39%,0,0,10,10,6,5,2,3,0,0,0,1,3,18,0
235,2018/2019,24,Real-Madrid/Girona-Fc,Real-Madrid,Girona-Fc,57%,1,7,12,19,4,7,5,3,1,1,0,0,3,13,0,43%,2,6,8,14,6,0,3,2,0,0,2,0,3,18,0
236,2018/2019,24,Valencia-Cf/Espanyol,Valencia-Cf,Espanyol,51%,0,1,19,20,1,9,2,2,0,0,1,0,3,12,0,49%,0,1,5,6,1,2,1,4,1,0,0,0,3,9,0
237,2018/2019,24,Villarreal/Sevilla,Villarreal,Sevilla,40%,3,6,6,12,5,6,3,4,0,3,1,1,3,7,0,60%,0,5,16,21,3,4,3,1,0,0,0,0,3,13,0
238,2018/2019,24,Betis/Alaves,Betis,Alaves,65%,1,7,9,16,2,6,0,4,0,0,0,0,3,10,0,35%,1,3,2,5,6,2,1,1,0,1,0,0,3,9,0
239,2018/2019,24,Huesca/Athletic-Bilbao,Huesca,Athletic-Bilbao,49%,0,2,10,12,3,3,2,5,0,0,0,0,3,16,0,51%,1,4,5,9,2,5,2,1,0,0,0,0,3,11,0
240,2018/2019,25,Espanyol/Huesca,Espanyol,Huesca,68%,1,2,11,13,3,7,5,2,0,0,1,0,3,9,0,32%,1,4,9,13,1,4,4,4,0,1,0,1,3,16,0
241,2018/2019,25,Getafe/Rayo-Vallecano,Getafe,Rayo-Vallecano,42%,2,2,8,10,1,2,3,2,0,2,0,0,3,11,0,58%,1,2,5,7,0,2,3,1,0,0,0,0,3,12,0
242,2018/2019,25,Sevilla/Barcelona,Sevilla,Barcelona,40%,2,3,14,17,1,6,1,1,0,2,0,2,3,17,0,60%,0,1,10,11,1,5,6,1,0,0,0,0,3,8,0
243,2018/2019,25,Alaves/Celta,Alaves,Celta,47%,0,4,13,17,2,3,3,2,0,0,0,0,3,15,0,53%,0,2,6,8,4,4,3,2,0,0,0,0,3,9,0
244,2018/2019,25,Athletic-Bilbao/Eibar,Athletic-Bilbao,Eibar,46%,1,4,5,9,2,9,4,3,0,1,0,1,3,9,0,54%,0,2,5,7,3,2,1,4,0,0,0,0,3,16,0
245,2018/2019,25,Leganes/Valencia-Cf,Leganes,Valencia-Cf,49%,1,6,11,17,0,4,0,5,0,0,0,0,3,14,0,51%,1,1,5,6,5,2,0,3,0,1,2,1,3,10,0
246,2018/2019,25,Atletico-Madrid/Villarreal,Atletico-Madrid,Villarreal,51%,2,7,8,15,2,6,3,1,0,2,0,0,3,8,0,49%,0,2,9,11,5,6,0,3,0,0,0,0,3,9,0
247,2018/2019,25,Valladolid/Betis,Valladolid,Betis,47%,0,2,8,10,1,11,5,1,0,0,0,0,3,10,0,53%,2,3,3,6,2,4,1,2,0,1,0,2,3,8,0
248,2018/2019,25,Levante/Real-Madrid,Levante,Real-Madrid,40%,1,2,9,11,3,4,2,4,1,1,2,0,3,17,0,60%,2,5,13,18,1,6,0,3,1,0,0,0,3,11,0
249,2018/2019,25,Girona-Fc/Real-Sociedad,Girona-Fc,Real-Sociedad,45%,0,3,7,10,1,3,0,4,0,0,0,0,3,26,0,55%,0,1,6,7,3,5,4,1,0,0,0,0,3,15,0
250,2018/2019,26,Rayo-Vallecano/Girona-Fc,Rayo-Vallecano,Girona-Fc,54%,0,3,6,9,2,7,1,3,1,0,0,0,3,17,0,46%,2,4,8,12,3,1,2,4,0,1,2,1,3,23,0
251,2018/2019,26,Espanyol/Valladolid,Espanyol,Valladolid,57%,3,5,6,11,2,5,3,2,0,2,0,1,3,12,0,43%,1,3,9,12,2,3,0,2,0,0,0,1,3,5,0
252,2018/2019,26,Villarreal/Alaves,Villarreal,Alaves,60%,1,2,7,9,0,7,4,2,0,0,0,0,3,14,0,40%,2,2,8,10,1,2,3,3,0,2,0,0,3,11,0
253,2018/2019,26,Huesca/Sevilla,Huesca,Sevilla,28%,2,3,3,6,4,3,1,4,0,2,0,1,3,15,0,72%,1,5,7,12,1,12,3,3,0,0,0,0,3,15,0
254,2018/2019,26,Real-Madrid/Barcelona,Real-Madrid,Barcelona,48%,0,3,14,17,3,8,2,3,0,0,0,0,3,16,0,52%,1,4,6,10,3,6,2,2,0,1,0,0,3,13,0
255,2018/2019,26,Eibar/Celta,Eibar,Celta,61%,1,4,10,14,1,7,4,1,0,0,0,0,3,12,0,39%,0,1,2,3,3,0,3,1,0,0,1,0,3,13,0
256,2018/2019,26,Betis/Getafe,Betis,Getafe,64%,1,2,4,6,3,4,4,2,0,1,0,0,3,13,0,36%,2,5,6,11,1,4,2,2,0,2,0,0,3,13,0
257,2018/2019,26,Real-Sociedad/Atletico-Madrid,Real-Sociedad,Atletico-Madrid,61%,0,3,15,18,1,7,0,1,0,0,0,1,3,12,0,39%,2,3,5,8,3,3,0,4,1,2,0,1,3,17,0
258,2018/2019,26,Valencia-Cf/Athletic-Bilbao,Valencia-Cf,Athletic-Bilbao,48%,2,3,8,11,1,6,1,0,0,2,0,0,3,12,0,52%,0,1,2,3,1,2,0,3,0,0,0,0,3,12,0
259,2018/2019,26,Leganes/Levante,Leganes,Levante,39%,1,3,10,13,4,2,0,5,0,0,1,1,3,14,0,61%,0,4,11,15,2,2,3,4,0,0,1,0,2,10,0
260,2018/2019,27,Athletic-Bilbao/Espanyol,Athletic-Bilbao,Espanyol,65%,1,6,9,15,1,7,3,3,0,1,0,0,3,13,0,35%,1,2,3,5,5,0,2,5,0,1,0,0,3,20,0
261,2018/2019,27,Alaves/Eibar,Alaves,Eibar,44%,1,3,13,16,2,3,0,1,0,1,0,1,3,10,0,56%,1,3,17,20,2,5,3,1,0,1,0,0,2,18,0
262,2018/2019,27,Atletico-Madrid/Leganes,Atletico-Madrid,Leganes,45%,1,4,9,13,2,4,0,2,0,0,2,0,3,9,0,55%,0,2,1,3,3,4,0,2,0,0,0,0,3,7,0
263,2018/2019,27,Barcelona/Rayo-Vallecano,Barcelona,Rayo-Vallecano,68%,3,7,6,13,0,9,5,1,0,2,0,0,3,12,0,32%,1,1,7,8,4,4,2,1,0,1,0,0,2,17,0
264,2018/2019,27,Getafe/Huesca,Getafe,Huesca,57%,2,6,6,12,0,12,4,0,0,1,2,0,3,13,0,43%,1,1,4,5,4,0,3,4,0,1,0,0,2,15,0
265,2018/2019,27,Celta/Betis,Celta,Betis,37%,0,1,6,7,3,4,6,3,0,0,0,0,3,17,0,63%,1,4,10,14,1,4,2,0,0,0,0,1,3,16,0
266,2018/2019,27,Girona-Fc/Valencia-Cf,Girona-Fc,Valencia-Cf,59%,2,8,9,17,3,6,0,1,0,1,0,0,3,12,0,41%,3,6,4,10,6,1,4,4,1,2,0,0,3,10,0
267,2018/2019,27,Levante/Villarreal,Levante,Villarreal,51%,0,3,8,11,4,8,2,3,0,0,0,0,3,8,0,49%,2,6,8,14,3,2,1,5,0,1,0,1,3,21,0
268,2018/2019,27,Sevilla/Real-Sociedad,Sevilla,Real-Sociedad,49%,5,11,10,21,0,7,5,2,0,2,1,0,3,11,0,51%,2,2,7,9,6,2,2,2,0,1,0,1,3,13,0
269,2018/2019,27,Valladolid/Real-Madrid,Valladolid,Real-Madrid,37%,1,2,7,9,2,5,5,1,0,1,1,0,3,13,0,63%,4,6,9,15,1,12,1,5,1,3,0,0,3,11,0
270,2018/2019,28,Real-Sociedad/Levante,Real-Sociedad,Levante,58%,1,6,12,18,2,3,5,2,0,1,0,0,1,9,0,42%,1,3,5,8,5,3,4,2,0,1,0,1,3,12,0
271,2018/2019,28,Huesca/Alaves,Huesca,Alaves,54%,1,2,6,8,2,2,1,1,0,0,1,1,3,21,0,46%,3,5,7,12,1,2,3,3,0,2,0,0,3,21,0
272,2018/2019,28,Real-Madrid/Celta,Real-Madrid,Celta,53%,2,7,14,21,1,9,2,1,0,2,1,0,3,15,0,47%,0,1,5,6,5,2,2,0,0,0,0,1,3,8,0
273,2018/2019,28,Athletic-Bilbao/Atletico-Madrid,Athletic-Bilbao,Atletico-Madrid,47%,2,5,4,9,1,1,0,3,0,2,0,0,3,12,0,53%,0,1,5,6,3,7,3,1,0,0,0,0,1,4,0
274,2018/2019,28,Leganes/Girona-Fc,Leganes,Girona-Fc,54%,0,3,9,12,2,6,2,6,0,0,0,0,3,17,0,46%,2,4,3,7,3,2,0,1,0,2,1,0,3,6,0
275,2018/2019,28,Eibar/Valladolid,Eibar,Valladolid,61%,1,3,12,15,1,5,4,4,0,1,0,0,3,16,0,39%,2,3,6,9,2,0,5,2,0,0,0,0,3,14,0
276,2018/2019,28,Espanyol/Sevilla,Espanyol,Sevilla,49%,0,3,10,13,1,6,1,1,0,0,0,0,3,11,0,51%,1,2,9,11,3,5,5,2,0,0,0,0,3,13,0
277,2018/2019,28,Valencia-Cf/Getafe,Valencia-Cf,Getafe,61%,0,2,5,7,1,3,6,3,0,0,1,0,2,12,0,39%,0,1,8,9,2,5,2,4,0,0,0,0,3,20,0
278,2018/2019,28,Villarreal/Rayo-Vallecano,Villarreal,Rayo-Vallecano,53%,3,4,7,11,2,5,3,3,0,2,0,1,3,16,0,47%,1,3,4,7,1,5,3,3,0,1,0,1,3,7,0
279,2018/2019,28,Betis/Barcelona,Betis,Barcelona,56%,1,3,10,13,5,3,1,1,0,1,0,0,3,10,0,44%,4,9,7,16,2,7,2,2,0,3,1,1,3,11,0
280,2018/2019,29,Girona-Fc/Athletic-Bilbao,Girona-Fc,Athletic-Bilbao,47%,1,2,3,5,3,3,1,2,0,1,0,0,3,16,0,53%,2,5,2,7,1,3,4,4,0,2,0,1,3,17,0
281,2018/2019,29,Getafe/Leganes,Getafe,Leganes,56%,0,2,7,9,1,3,0,5,0,0,0,0,3,15,0,44%,2,3,4,7,2,4,4,2,0,2,0,0,3,25,0
282,2018/2019,29,Barcelona/Espanyol,Barcelona,Espanyol,69%,2,3,10,13,2,5,2,0,0,1,0,0,3,12,0,31%,0,2,1,3,1,2,3,4,0,0,0,0,3,13,0
283,2018/2019,29,Celta/Villarreal,Celta,Villarreal,64%,3,6,10,16,3,10,2,1,0,1,0,1,3,6,0,36%,2,5,8,13,3,7,0,3,0,2,0,0,3,8,0
284,2018/2019,29,Alaves/Atletico-Madrid,Alaves,Atletico-Madrid,44%,0,4,10,14,3,9,0,2,0,0,0,0,3,10,0,56%,4,7,4,11,4,2,2,2,0,4,1,0,3,8,0
285,2018/2019,29,Levante/Eibar,Levante,Eibar,40%,2,2,5,7,1,6,3,2,0,2,1,0,3,9,0,60%,2,3,13,16,0,7,2,1,0,0,1,0,3,12,0
286,2018/2019,29,Rayo-Vallecano/Betis,Rayo-Vallecano,Betis,45%,1,5,13,18,1,6,1,5,0,1,0,0,3,21,0,55%,1,2,5,7,4,3,3,3,0,1,0,0,3,8,0
287,2018/2019,29,Sevilla/Valencia-Cf,Sevilla,Valencia-Cf,59%,0,5,12,17,1,5,3,3,0,0,0,1,3,18,0,41%,1,2,2,4,5,3,1,1,0,0,1,0,3,9,0
288,2018/2019,29,Valladolid/Real-Sociedad,Valladolid,Real-Sociedad,40%,1,4,6,10,0,7,3,4,0,0,0,0,3,17,0,60%,1,1,8,9,3,5,2,1,0,1,0,0,3,7,0
289,2018/2019,29,Real-Madrid/Huesca,Real-Madrid,Huesca,71%,3,7,8,15,1,4,3,1,0,3,0,0,3,9,0,29%,2,3,12,15,4,6,0,2,0,2,0,0,3,17,0
290,2018/2019,30,Atletico-Madrid/Girona-Fc,Atletico-Madrid,Girona-Fc,49%,2,7,10,17,4,4,2,1,0,1,1,1,3,10,0,51%,0,4,7,11,5,3,0,0,0,0,0,0,3,9,0
291,2018/2019,30,Espanyol/Getafe,Espanyol,Getafe,50%,1,3,2,5,2,4,3,4,0,1,0,0,3,14,0,50%,1,3,10,13,2,4,1,3,0,1,0,0,3,13,0
292,2018/2019,30,Villarreal/Barcelona,Villarreal,Barcelona,32%,4,9,7,16,4,5,2,3,1,3,2,0,3,10,0,68%,4,7,5,12,5,2,4,6,0,2,1,0,3,10,0
293,2018/2019,30,Athletic-Bilbao/Levante,Athletic-Bilbao,Levante,40%,3,7,7,14,4,2,1,3,0,1,1,1,3,13,0,60%,2,6,5,11,4,9,1,6,0,1,0,0,3,13,0
294,2018/2019,30,Eibar/Rayo-Vallecano,Eibar,Rayo-Vallecano,45%,2,6,6,12,2,2,2,2,0,2,0,1,3,13,0,55%,1,3,8,11,4,6,5,2,0,1,0,0,3,9,0
295,2018/2019,30,Huesca/Celta,Huesca,Celta,52%,3,6,16,22,2,5,0,2,0,1,1,2,3,9,0,48%,3,5,6,11,3,0,5,3,0,2,1,1,3,12,0
296,2018/2019,30,Valencia-Cf/Real-Madrid,Valencia-Cf,Real-Madrid,32%,2,4,7,11,4,6,2,2,0,2,0,0,3,9,0,68%,1,5,9,14,2,6,0,2,0,1,0,0,3,13,0
297,2018/2019,30,Sevilla/Alaves,Sevilla,Alaves,63%,2,5,13,18,2,11,3,3,0,2,0,1,3,13,0,37%,0,2,3,5,3,1,2,4,0,0,0,1,3,18,0
298,2018/2019,30,Leganes/Valladolid,Leganes,Valladolid,55%,1,1,15,16,1,3,1,1,0,1,0,0,3,13,0,45%,0,1,7,8,1,4,2,1,0,0,0,1,3,11,0
299,2018/2019,30,Real-Sociedad/Betis,Real-Sociedad,Betis,36%,2,7,8,15,5,3,2,2,0,1,0,1,3,12,0,64%,1,6,5,11,5,6,2,3,0,1,0,0,3,13,0
300,2018/2019,31,Girona-Fc/Espanyol,Girona-Fc,Espanyol,54%,1,5,7,12,1,1,2,5,0,0,0,0,3,23,0,46%,2,3,6,9,4,4,2,2,0,0,1,0,3,19,0
301,2018/2019,31,Real-Madrid/Eibar,Real-Madrid,Eibar,56%,2,7,6,13,0,5,6,0,0,2,1,0,3,9,0,44%,1,1,2,3,5,4,3,1,0,1,0,1,3,15,0
302,2018/2019,31,Rayo-Vallecano/Valencia-Cf,Rayo-Vallecano,Valencia-Cf,52%,2,3,9,12,3,4,1,2,0,2,0,0,3,16,0,48%,0,3,9,12,2,7,4,3,0,0,0,0,3,10,0
303,2018/2019,31,Barcelona/Atletico-Madrid,Barcelona,Atletico-Madrid,63%,2,10,11,21,2,5,1,3,0,1,1,0,3,13,0,37%,0,2,7,9,8,1,0,4,1,0,0,0,3,12,0
304,2018/2019,31,Alaves/Leganes,Alaves,Leganes,45%,1,1,5,6,4,3,2,6,0,0,0,0,3,17,0,55%,1,5,4,9,0,3,2,4,0,1,0,0,3,15,0
305,2018/2019,31,Getafe/Athletic-Bilbao,Getafe,Athletic-Bilbao,48%,1,2,3,5,1,1,3,2,0,1,1,0,3,14,0,52%,0,1,7,8,1,2,0,1,0,0,0,1,3,17,0
306,2018/2019,31,Valladolid/Sevilla,Valladolid,Sevilla,37%,0,5,4,9,2,6,6,3,0,0,0,0,3,17,0,63%,2,3,12,15,5,7,2,3,0,2,1,0,3,12,0
307,2018/2019,31,Celta/Real-Sociedad,Celta,Real-Sociedad,48%,3,4,7,11,6,2,1,2,0,1,0,0,3,15,0,52%,1,7,7,14,1,7,0,1,1,0,0,0,3,10,0
308,2018/2019,31,Levante/Huesca,Levante,Huesca,55%,2,8,6,14,2,9,0,2,0,1,0,1,3,21,0,45%,2,4,12,16,6,1,1,4,0,1,0,0,3,12,0
309,2018/2019,31,Betis/Villarreal,Betis,Villarreal,57%,2,7,10,17,3,4,1,2,0,1,0,1,3,13,0,43%,1,4,6,10,5,3,2,4,0,1,0,1,3,14,0
310,2018/2019,32,Espanyol/Alaves,Espanyol,Alaves,56%,2,2,4,6,2,4,4,3,0,1,0,1,3,12,0,44%,1,3,11,14,0,8,2,2,0,1,0,0,3,17,0
311,2018/2019,32,Huesca/Barcelona,Huesca,Barcelona,24%,0,1,5,6,2,6,3,1,0,0,0,0,3,15,0,76%,0,2,7,9,1,5,7,2,0,0,1,0,3,10,0
312,2018/2019,32,Atletico-Madrid/Celta,Atletico-Madrid,Celta,56%,2,5,5,10,3,1,2,2,0,1,0,0,3,8,0,44%,0,3,6,9,3,2,0,2,0,0,0,0,3,15,0
313,2018/2019,32,Sevilla/Betis,Sevilla,Betis,38%,3,5,6,11,5,5,4,6,0,3,0,0,3,17,0,62%,2,7,5,12,2,4,5,3,0,1,0,0,3,8,0
314,2018/2019,32,Valladolid/Getafe,Valladolid,Getafe,59%,2,4,4,8,1,5,5,4,0,1,0,1,3,22,0,41%,2,3,4,7,2,3,2,4,1,1,0,1,3,18,0
315,2018/2019,32,Athletic-Bilbao/Rayo-Vallecano,Athletic-Bilbao,Rayo-Vallecano,46%,3,9,6,15,4,3,3,1,0,1,1,2,3,9,0,54%,2,6,4,10,6,6,2,3,1,1,0,0,3,12,0
316,2018/2019,32,Real-Sociedad/Eibar,Real-Sociedad,Eibar,36%,1,2,0,2,1,0,6,2,0,1,0,0,3,15,0,64%,1,2,15,17,1,3,0,2,0,0,2,0,2,16,0
317,2018/2019,32,Girona-Fc/Villarreal,Girona-Fc,Villarreal,58%,0,4,8,12,5,7,2,2,0,0,0,0,3,11,0,42%,1,6,10,16,4,5,1,3,0,1,0,0,3,10,0
318,2018/2019,32,Valencia-Cf/Levante,Valencia-Cf,Levante,53%,3,6,16,22,2,8,0,2,0,2,1,1,3,11,0,47%,1,3,3,6,3,3,1,2,0,0,0,0,3,18,0
319,2018/2019,32,Leganes/Real-Madrid,Leganes,Real-Madrid,29%,1,2,3,5,5,1,3,0,0,1,0,0,3,11,0,71%,1,6,7,13,1,5,0,3,0,0,0,0,2,11,0
320,2018/2019,33,Alaves/Valladolid,Alaves,Valladolid,45%,2,3,6,9,5,5,1,3,0,0,0,2,2,17,0,55%,2,7,5,12,1,7,1,5,0,1,1,1,2,16,0
321,2018/2019,33,Celta/Girona-Fc,Celta,Girona-Fc,63%,2,8,5,13,0,5,2,2,0,2,0,0,3,7,0,37%,1,1,6,7,6,1,1,1,0,1,0,0,3,10,0
322,2018/2019,33,Eibar/Atletico-Madrid,Eibar,Atletico-Madrid,50%,0,2,7,9,3,5,1,3,0,0,0,0,3,10,0,50%,1,4,5,9,2,8,4,1,0,1,0,0,3,10,0
323,2018/2019,33,Rayo-Vallecano/Huesca,Rayo-Vallecano,Huesca,55%,0,3,13,16,2,8,3,4,0,0,1,0,2,11,0,45%,0,2,6,8,3,3,8,2,0,0,0,0,2,10,0
324,2018/2019,33,Barcelona/Real-Sociedad,Barcelona,Real-Sociedad,50%,2,4,7,11,1,4,6,0,0,2,0,0,3,10,0,50%,1,2,7,9,2,2,0,1,0,1,0,1,3,12,0
325,2018/2019,33,Levante/Espanyol,Levante,Espanyol,50%,2,5,14,19,5,12,2,4,1,2,0,0,3,13,0,50%,2,7,7,14,3,7,0,1,0,2,1,0,3,15,0
326,2018/2019,33,Getafe/Sevilla,Getafe,Sevilla,37%,3,3,6,9,2,2,1,3,1,0,0,0,3,15,0,63%,0,2,7,9,0,7,2,6,1,0,1,0,3,13,0
327,2018/2019,33,Real-Madrid/Athletic-Bilbao,Real-Madrid,Athletic-Bilbao,56%,3,4,6,10,3,8,1,2,0,3,0,0,3,12,0,44%,0,3,2,5,1,2,1,4,0,0,0,0,2,16,0
328,2018/2019,33,Villarreal/Leganes,Villarreal,Leganes,66%,2,5,6,11,1,7,4,2,0,1,0,0,3,11,0,34%,1,2,5,7,3,4,3,1,0,0,0,0,3,15,0
329,2018/2019,33,Betis/Valencia-Cf,Betis,Valencia-Cf,65%,1,4,13,17,1,5,0,4,0,0,1,0,3,18,0,35%,2,3,1,4,3,2,1,2,1,2,0,1,3,13,0
330,2018/2019,34,43542/Huesca/Eibar,43542,Huesca,0,0,0,0,0,0,0,0,0,0,0,0,0,0,0,0,0,0,0,0,0,0,0,0,0,0,0,0,0,0,0,0
331,2018/2019,34,Valladolid/Girona-Fc,Valladolid,Girona-Fc,50%,1,4,7,11,0,4,2,4,0,1,1,1,3,15,0,50%,0,0,5,5,3,4,0,3,0,0,0,0,3,17,0
332,2018/2019,34,Alaves/Barcelona,Alaves,Barcelona,23%,0,1,5,6,4,1,1,3,0,0,0,1,3,18,0,77%,2,6,11,17,1,4,1,1,0,1,1,0,3,9,0
333,2018/2019,34,Atletico-Madrid/Valencia-Cf,Atletico-Madrid,Valencia-Cf,57%,3,5,8,13,2,4,2,3,0,3,0,0,3,17,0,43%,2,4,7,11,2,3,0,2,0,1,0,0,1,11,0
334,2018/2019,34,Leganes/Athletic-Bilbao,Leganes,Athletic-Bilbao,57%,0,1,13,14,1,2,2,1,0,0,0,0,3,11,0,43%,1,2,1,3,1,2,0,2,0,0,0,1,3,14,0
335,2018/2019,34,Espanyol/Celta,Espanyol,Celta,48%,1,2,7,9,5,2,2,2,0,1,1,1,3,15,0,52%,1,6,11,17,1,4,2,1,0,1,1,0,3,7,0
336,2018/2019,34,Levante/Betis,Levante,Betis,29%,4,3,2,5,2,3,7,2,0,2,0,0,3,9,0,71%,0,2,5,7,0,4,1,3,0,0,0,0,3,15,0
337,2018/2019,34,Sevilla/Rayo-Vallecano,Sevilla,Rayo-Vallecano,48%,5,11,9,20,3,5,5,1,0,3,0,0,3,10,0,52%,0,3,10,13,6,4,2,2,0,0,0,0,3,12,0
338,2018/2019,34,Real-Sociedad/Villarreal,Real-Sociedad,Villarreal,64%,0,2,10,12,2,6,1,2,0,0,0,1,3,11,0,36%,1,3,5,8,2,3,1,3,0,1,0,0,3,13,0
339,2018/2019,34,Getafe/Real-Madrid,Getafe,Real-Madrid,31%,0,4,4,8,4,9,1,1,0,0,0,0,3,17,0,69%,0,4,8,12,4,4,2,3,0,0,0,0,3,14,0
340,2018/2019,35,Athletic-Bilbao/Alaves,Athletic-Bilbao,Alaves,62%,1,1,13,14,2,8,2,2,0,0,0,0,3,12,0,38%,1,3,11,14,0,5,0,2,0,0,1,0,3,16,0
341,2018/2019,35,Atletico-Madrid/Valladolid,Atletico-Madrid,Valladolid,59%,1,2,12,14,4,7,0,4,0,0,0,0,3,19,0,41%,0,4,8,12,1,3,0,2,0,0,0,0,3,11,0
342,2018/2019,35,Leganes/Celta,Leganes,Celta,47%,0,1,9,10,2,3,1,1,0,0,0,0,3,15,0,53%,0,2,6,8,1,6,1,0,0,0,0,0,2,4,0
343,2018/2019,35,Barcelona/Levante,Barcelona,Levante,62%,1,12,11,23,2,6,1,4,0,1,1,0,3,17,0,38%,0,2,5,7,11,2,0,3,0,0,1,0,3,12,0
344,2018/2019,35,Valencia-Cf/Eibar,Valencia-Cf,Eibar,48%,0,2,6,8,2,7,5,2,0,0,0,0,3,10,0,52%,1,3,10,13,2,6,1,3,0,0,0,0,3,15,0
345,2018/2019,35,Girona-Fc/Sevilla,Girona-Fc,Sevilla,43%,1,3,11,14,3,3,4,1,0,1,1,2,3,11,0,57%,0,3,3,6,2,6,0,2,1,0,0,1,3,14,0
346,2018/2019,35,Real-Sociedad/Getafe,Real-Sociedad,Getafe,49%,2,6,3,9,2,4,3,2,0,1,0,0,3,17,0,51%,1,3,10,13,4,7,1,3,0,0,0,0,3,14,0
347,2018/2019,35,Villarreal/Huesca,Villarreal,Huesca,47%,1,5,12,17,2,0,1,5,0,0,0,0,3,15,0,53%,1,3,10,13,4,1,3,2,1,1,0,1,3,21,0
348,2018/2019,35,Rayo-Vallecano/Real-Madrid,Rayo-Vallecano,Real-Madrid,49%,1,5,6,11,3,6,3,2,0,0,0,0,3,21,0,51%,0,3,6,9,4,6,6,5,0,0,0,0,3,5,0
349,2018/2019,35,Betis/Espanyol,Betis,Espanyol,53%,1,5,13,18,3,6,1,3,0,1,0,0,3,16,0,47%,1,4,6,10,4,5,2,1,0,1,0,1,3,14,0
350,2018/2019,36,Sevilla/Leganes,Sevilla,Leganes,64%,0,3,4,7,2,3,2,1,0,0,1,0,3,11,0,36%,3,5,4,9,3,4,3,1,0,2,0,0,3,22,0
351,2018/2019,36,Levante/Rayo-Vallecano,Levante,Rayo-Vallecano,34%,4,7,5,12,2,6,5,1,0,3,0,1,3,17,0,66%,1,3,17,20,3,7,0,4,1,1,0,0,3,12,0
352,2018/2019,36,Espanyol/Atletico-Madrid,Espanyol,Atletico-Madrid,49%,3,5,6,11,3,5,0,1,0,1,0,1,3,10,0,51%,0,3,8,11,2,6,2,2,0,0,0,0,3,14,0
353,2018/2019,36,Alaves/Real-Sociedad,Alaves,Real-Sociedad,50%,0,6,11,17,2,13,3,1,0,0,0,0,3,7,0,50%,1,3,6,9,6,6,2,3,0,0,0,0,3,19,0
354,2018/2019,36,Celta/Barcelona,Celta,Barcelona,35%,2,6,7,13,1,9,2,1,0,1,0,0,3,10,0,65%,0,1,7,8,4,1,1,5,0,0,0,2,3,13,0
355,2018/2019,36,Getafe/Girona-Fc,Getafe,Girona-Fc,39%,2,8,4,12,2,1,1,3,0,2,0,0,3,15,0,61%,0,2,2,4,6,3,2,3,1,0,0,0,3,13,0
356,2018/2019,36,Eibar/Betis,Eibar,Betis,45%,1,4,6,10,5,11,1,3,0,1,0,0,3,15,0,55%,0,5,5,10,3,8,3,2,0,0,1,0,3,6,0
357,2018/2019,36,Real-Madrid/Villarreal,Real-Madrid,Villarreal,59%,3,11,12,23,5,8,2,0,0,2,1,0,3,9,0,41%,2,7,7,14,8,3,3,3,0,2,0,0,3,14,0
358,2018/2019,36,Valladolid/Athletic-Bilbao,Valladolid,Athletic-Bilbao,0,0,0,0,0,0,0,0,0,0,0,0,0,0,0,0,0,0,0,0,0,0,0,0,0,0,0,0,0,0,0,0
359,2018/2019,36,Huesca/Valencia-Cf,Huesca,Valencia-Cf,51%,2,4,20,24,1,7,0,1,0,0,1,0,3,10,0,49%,6,7,3,10,2,5,0,1,0,5,0,0,3,9,0
360,2018/2019,37,Athletic-Bilbao/Celta,Athletic-Bilbao,Celta,51%,3,5,4,9,1,3,1,4,0,1,0,0,3,16,0,49%,1,2,1,3,2,3,2,3,0,0,0,0,3,18,0
361,2018/2019,37,Atletico-Madrid/Sevilla,Atletico-Madrid,Sevilla,47%,1,3,7,10,3,5,7,4,0,1,0,0,2,16,0,53%,1,4,6,10,2,6,5,4,0,1,0,1,3,10,0
362,2018/2019,37,Barcelona/Getafe,Barcelona,Getafe,79%,2,8,5,13,0,4,1,1,0,0,0,1,3,9,0,21%,0,0,11,11,6,3,5,3,0,0,1,0,3,13,0
363,2018/2019,37,Betis/Huesca,Betis,Huesca,62%,2,8,9,17,1,9,1,2,0,2,0,0,3,13,0,38%,1,2,7,9,6,2,3,4,1,0,1,0,3,15,0
364,2018/2019,37,Girona-Fc/Levante,Girona-Fc,Levante,59%,1,6,8,14,0,9,2,2,0,0,0,0,3,14,0,41%,2,2,4,6,5,2,0,2,0,2,0,2,3,16,0
365,2018/2019,37,Rayo-Vallecano/Valladolid,Rayo-Vallecano,Valladolid,70%,1,5,11,16,3,4,3,2,0,1,0,1,3,13,0,30%,2,5,3,8,4,2,2,2,0,1,0,0,3,9,0
366,2018/2019,37,Valencia-Cf/Alaves,Valencia-Cf,Alaves,43%,3,4,5,9,2,7,3,2,0,2,0,0,3,9,0,57%,1,3,6,9,1,4,0,5,0,1,0,0,3,13,0
367,2018/2019,37,Villarreal/Eibar,Villarreal,Eibar,42%,1,3,8,11,0,5,6,3,0,0,0,0,3,11,0,58%,0,0,4,4,2,3,6,2,0,0,0,1,3,14,0
368,2018/2019,37,Leganes/Espanyol,Leganes,Espanyol,47%,0,4,7,11,5,6,2,3,1,0,0,0,3,11,0,53%,2,7,12,19,4,7,6,1,0,0,0,1,3,9,0
369,2018/2019,37,Real-Sociedad/Real-Madrid,Real-Sociedad,Real-Madrid,52%,3,7,12,19,1,5,3,1,0,2,2,0,3,12,0,48%,1,2,4,6,4,2,3,2,1,1,0,0,3,16,0
370,2018/2019,38,Levante/Atletico-Madrid,Levante,Atletico-Madrid,46%,2,7,9,16,6,6,0,0,0,1,1,1,3,9,0,54%,2,8,10,18,5,4,0,1,1,1,0,0,3,6,0
371,2018/2019,38,Espanyol/Real-Sociedad,Espanyol,Real-Sociedad,37%,2,4,5,9,2,4,3,3,0,2,1,0,3,12,0,63%,0,2,9,11,2,5,1,2,0,0,0,0,3,12,0
372,2018/2019,38,Getafe/Villarreal,Getafe,Villarreal,39%,2,5,12,17,2,6,6,2,0,2,0,0,3,16,0,61%,2,4,4,8,3,4,4,3,0,1,0,0,3,19,0
373,2018/2019,38,Sevilla/Athletic-Bilbao,Sevilla,Athletic-Bilbao,46%,0,4,11,15,3,8,3,1,0,0,0,1,3,8,0,54%,1,4,7,11,4,5,3,0,0,1,0,0,3,11,0
374,2018/2019,38,Valladolid/Valencia-Cf,Valladolid,Valencia-Cf,49%,0,3,13,16,4,7,1,1,0,0,2,0,3,12,0,51%,2,6,1,7,3,2,3,3,0,2,0,0,3,10,0
375,2018/2019,38,Alaves/Girona-Fc,Alaves,Girona-Fc,44%,2,7,7,14,3,6,1,3,0,1,0,0,3,13,0,56%,1,4,9,13,5,4,4,3,0,1,1,1,3,10,0
376,2018/2019,38,Celta/Rayo-Vallecano,Celta,Rayo-Vallecano,44%,2,5,9,14,2,3,1,0,0,1,0,0,3,15,0,56%,2,4,7,11,3,5,2,4,0,1,0,0,3,20,0
377,2018/2019,38,Huesca/Leganes,Huesca,Leganes,50%,2,5,9,14,0,4,1,0,0,2,0,1,3,17,0,50%,1,1,8,9,3,5,2,1,0,0,0,2,3,10,0
378,2018/2019,38,Real-Madrid/Betis,Real-Madrid,Betis,48%,0,2,6,8,5,1,1,4,0,0,1,0,3,17,0,52%,2,7,2,9,2,5,4,1,0,2,0,0,3,11,0
379,2018/2019,38,Eibar/Barcelona,Eibar,Barcelona,37%,2,8,7,15,1,5,0,4,0,1,0,0,3,10,0,63%,2,3,3,6,6,2,6,2,0,2,0,0,3,3,0
